{
  "project_info": {
    "project_number": "595356900947",
    "firebase_url": "https://ilkproje-b8793.firebaseio.com",
    "project_id": "ilkproje-b8793",
    "storage_bucket": "ilkproje-b8793.appspot.com"
  },
  "client": [
    {
      "client_info": {
        "mobilesdk_app_id": "1:595356900947:android:13c3c6a65bcbec53",
        "android_client_info": {
          "package_name": "com.example.myapplication"
        }
      },
      "oauth_client": [],
      "api_key": [
        {
          "current_key": "AIzaSyD_AxJWNTSc5zoblG805XyTz7DieZY7s_M"
        }
      ],
      "services": {
        "appinvite_service": {
          "other_platform_oauth_client": [
            {
              "client_id": "595356900947-ovgu77j4mhufs0fp581emqcag44fpe0i.apps.googleusercontent.com",
              "client_type": 3
            }
          ]
        }
      }
    }
  ],
  "configuration_version": "1"
}